<?xml version="1.0" encoding="UTF-8" standalone="yes"?>
<addon id="plugin.video.youngkbell.hotstar" name="HotStar" version="2.0.0" provider-name="Young K Bell">
    <requires>
        <import addon="xbmc.python" version="2.25.0"/>
        <import addon="script.module.routing" version="0.2.0"/>
        <import addon="script.module.requests" version="2.7.0"/>
    </requires>

    <extension point="xbmc.python.pluginsource" library="main.py">
        <provides>video</provides>
    </extension>
    <extension point="xbmc.addon.metadata">
        <summary lang="en_GB">Hotstar is India's largest premium streaming platform with more than 100,000 hours of drama &amp; movies in 17 languages, &amp; coverage of every major global sporting event. The app created a global record for the maximum numbers of simultaneous viewers for an online event during Vivo IPL 2018.</summary>
        <description lang="en_GB">Hotstar is India's largest premium streaming platform with more than 100,000 hours of drama &amp; movies in 17 languages, &amp; coverage of every major global sporting event. The app created a global record for the maximum numbers of simultaneous viewers for an online event during Vivo IPL 2018.</description>
        <language></language>
        <platform>all</platform>
        <license>GPL-3.0</license>
        <forum></forum>
        <website></website>
        <email>k.elayamani+kodi@gmail.com</email>
        <source></source>
        <news></news>
        <disclaimer></disclaimer>
        <assets>
            <icon>resources/icon_hotstar.jpeg</icon>
            <fanart>resources/fanart_hotstar.jpg</fanart>
        </assets>
    </extension>
</addon>
